date,mean,area,horizontal,vertical,raw
20210818070227,1814.0,"[2659.3, 3129.9, 4565.2, 2883.7, 3198.2, 3493.6, 2378.7, 3612.4, 2511.4, 4729.8, 3574.8, 4537.4, 3040.2, 2773.0]","[44.8, 44.3, 63.5, 44.5, 42.3, 63.2, 47.5, 85.3, 49.9, 52.4, 66.4, 48.6, 44.3, 61.0]","[59.3, 70.6, 71.9, 64.8, 75.7, 55.3, 50.1, 42.4, 50.3, 90.3, 53.9, 93.3, 68.6, 45.4]","[True, True, False, True, True, True, False, True, False, False, True, False, True, True]"
20210821154819,1866.0,"[2817.5, 3544.0, 2943.1, 3079.9, 3162.0, 3239.8, 2755.4, 3160.0, 4306.2, 3482.7, 2869.9, 3585.9, 2589.1, 2677.1, 2761.6, 4560.0, 2959.9, 4570.2, 3044.6, 2238.3, 3200.4, 2838.3, 3034.9, 2827.8]","[38.4, 44.2, 61.2, 45.9, 60.1, 38.8, 38.7, 53.0, 43.8, 54.3, 45.6, 53.9, 51.4, 45.5, 47.1, 58.0, 58.9, 57.8, 53.0, 29.9, 54.7, 52.2, 47.2, 41.0]","[73.4, 80.2, 48.1, 67.1, 52.6, 83.5, 71.1, 59.6, 98.3, 64.1, 63.0, 66.5, 50.4, 58.9, 58.6, 78.6, 50.2, 79.0, 57.4, 74.8, 58.5, 54.3, 64.3, 69.0]","[True, True, True, True, True, True, True, True, False, True, True, True, False, True, True, False, True, False, True, False, True, True, True, True]"
20210820154643,1935.0,"[2883.9, 2484.0, 3294.7, 2842.0, 3083.8, 2796.1, 3952.6, 3248.9, 2396.5, 3615.6, 3610.6, 3465.6, 3260.7, 2617.9, 2319.5, 2769.8, 3034.7, 4405.9, 2701.8, 3193.3, 3671.0, 2314.8, 3362.9, 2609.9, 3132.1, 4215.3, 4308.2, 3167.5, 3358.5, 3145.4]","[46.4, 42.2, 64.2, 45.1, 47.3, 51.5, 54.2, 56.2, 47.7, 67.7, 51.8, 50.8, 45.9, 37.9, 48.2, 60.6, 71.6, 68.9, 46.8, 68.0, 80.3, 57.5, 61.9, 50.6, 42.1, 40.2, 65.3, 60.3, 45.8, 65.0]","[62.2, 58.9, 51.3, 63.0, 65.2, 54.3, 72.9, 57.8, 50.3, 53.4, 69.7, 68.2, 71.1, 69.0, 48.1, 45.7, 42.4, 64.0, 57.7, 47.0, 45.7, 40.3, 54.3, 51.6, 74.4, 104.8, 66.0, 52.6, 73.3, 48.4]","[True, False, True, True, True, True, False, True, False, True, True, True, True, False, False, True, True, False, True, True, True, False, True, False, True, False, False, True, True, True]"
20210817175422,1859.0,"[3503.3, 2752.1, 3164.1, 2056.8, 2451.2, 2598.0, 3024.2, 2915.1, 4986.2, 2928.5, 3287.0, 3114.6, 3347.2, 3695.4, 2804.6]","[51.5, 51.8, 49.9, 46.9, 54.0, 57.8, 52.5, 61.3, 64.3, 65.7, 47.1, 51.3, 68.9, 64.0, 69.4]","[68.1, 53.1, 63.5, 43.8, 45.4, 45.0, 57.6, 47.5, 77.5, 44.6, 69.8, 60.8, 48.6, 57.7, 40.4]","[True, True, True, False, False, True, True, True, False, True, True, True, True, True, True]"
20210819164831,1771.0,"[2558.5, 3005.9, 2122.0, 2076.8, 2337.5, 2985.3, 2521.5, 3948.0, 3450.2, 4621.5, 2624.2, 2500.6, 3661.6, 2945.0, 3488.7, 2507.6, 2922.7]","[42.0, 40.2, 39.5, 41.3, 55.9, 70.2, 53.8, 90.8, 43.1, 59.4, 42.6, 51.4, 82.8, 47.5, 55.1, 48.2, 44.6]","[60.9, 74.7, 53.7, 50.3, 41.8, 42.5, 46.9, 43.5, 80.0, 77.9, 61.6, 48.7, 44.2, 62.0, 63.4, 52.0, 65.5]","[True, True, False, False, True, True, True, False, True, False, True, True, False, True, True, True, True]"
20210823130101,2137.0,"[4104.2, 3441.4, 3726.0, 3243.3, 4183.7, 3267.0, 3184.7, 3207.7, 4349.0, 3303.4, 3544.7, 2993.5, 2824.0, 4209.1, 3003.5, 3366.0, 3437.2, 3737.6, 3736.5, 2731.1, 3901.6, 2915.1, 3317.1, 4970.2, 3777.8, 5390.5, 2785.4, 3312.2, 3319.4, 3875.1, 2943.7, 2434.7, 2926.5, 3898.8, 2253.3, 3121.5, 2535.1, 2395.7, 2420.8, 4495.6, 3524.0, 2744.8, 3341.8, 4171.3, 3266.8, 2645.3, 3010.7, 3986.7, 2653.2, 3744.7, 3498.2, 3876.5, 3946.5, 2852.2, 5115.7, 3502.9, 4475.9, 3711.2, 4801.0, 4207.1, 7832.3, 3951.0, 4914.4, 3961.4, 3467.9, 4108.2]","[57.7, 53.6, 68.8, 47.4, 59.7, 43.4, 53.2, 54.2, 58.0, 67.0, 76.1, 42.4, 61.9, 48.6, 63.4, 48.9, 64.0, 63.9, 39.9, 47.9, 72.7, 61.1, 50.4, 74.2, 89.7, 63.0, 64.4, 65.9, 55.0, 77.7, 46.7, 62.5, 54.2, 66.5, 55.4, 63.6, 58.1, 47.0, 42.3, 69.6, 69.6, 63.3, 71.2, 57.1, 65.5, 45.1, 71.7, 49.8, 64.0, 78.4, 53.5, 67.4, 80.5, 53.2, 89.5, 45.4, 43.8, 46.7, 69.9, 66.2, 89.8, 76.6, 73.0, 67.0, 65.8, 59.8]","[71.1, 64.2, 54.2, 68.4, 70.0, 75.3, 59.9, 59.2, 74.9, 49.3, 46.6, 70.6, 45.6, 86.6, 47.4, 68.8, 53.7, 58.5, 93.7, 57.0, 53.7, 47.7, 65.8, 67.0, 42.1, 85.6, 43.2, 50.3, 60.4, 49.9, 63.0, 38.9, 54.0, 58.6, 40.7, 49.1, 43.6, 51.0, 57.2, 64.6, 50.7, 43.4, 47.0, 73.0, 49.9, 58.6, 42.0, 80.0, 41.5, 47.8, 65.3, 57.5, 49.0, 53.6, 57.2, 77.1, 102.3, 79.4, 68.7, 63.5, 87.2, 51.6, 67.3, 59.1, 52.7, 68.7]","[True, True, True, True, True, True, True, True, True, True, True, True, True, True, True, True, True, True, True, False, True, True, True, False, True, False, True, True, True, True, True, False, True, True, False, True, False, False, False, False, True, True, True, True, True, False, True, True, False, True, True, True, True, True, False, True, False, True, False, True, False, True, False, True, True, True]"
20210822155418,1946.0,"[2759.3, 3354.8, 3493.4, 3573.9, 2814.3, 3184.3, 2928.7, 3321.9, 3389.9, 2899.1, 3675.6, 2821.7, 2439.6, 3170.5, 3838.0, 2695.0, 2788.2, 5040.7, 3065.7, 2837.1, 3033.2, 2834.4, 2755.1, 2678.1, 2564.2, 2826.2, 3618.9, 2329.1, 3246.7, 2362.8, 3358.4, 3191.8, 3488.9, 2925.1, 2648.6, 3379.5, 3055.6, 3231.3, 2350.9, 2880.3, 4446.0, 4654.9, 2731.8, 3461.5, 3112.7, 4233.9, 3401.3, 5438.6, 4427.4, 2927.7, 4994.2, 2718.0, 4092.1, 2529.8, 4139.2, 2716.9, 2911.8, 3029.6, 3228.6, 3734.2, 3631.3, 3319.9, 2845.3, 3614.5, 3207.1, 3028.5, 4702.4, 2710.0, 4508.3, 4630.5, 3510.4, 3227.0, 4161.6, 2607.4, 2575.0, 3255.3, 3991.0, 4287.5, 3762.3, 3937.0, 2723.8, 3665.3]","[52.8, 51.3, 49.2, 44.3, 55.1, 48.6, 46.1, 45.8, 57.8, 49.1, 58.1, 49.2, 49.9, 51.0, 46.2, 46.4, 46.9, 53.4, 57.9, 51.6, 42.4, 59.1, 66.8, 43.0, 61.8, 62.2, 56.9, 61.7, 60.3, 59.6, 38.0, 41.7, 56.1, 42.4, 56.5, 58.9, 45.6, 50.7, 37.9, 58.6, 79.5, 65.5, 65.2, 43.8, 64.9, 61.9, 54.3, 68.3, 58.2, 75.8, 56.1, 59.5, 71.7, 45.7, 55.7, 50.0, 71.0, 65.8, 55.2, 83.4, 59.3, 78.7, 61.1, 56.2, 61.6, 42.9, 57.6, 64.9, 90.6, 62.8, 80.0, 56.8, 64.1, 73.3, 65.2, 74.3, 66.2, 64.2, 89.0, 52.4, 54.5, 62.1]","[52.2, 65.5, 71.0, 80.6, 51.0, 65.5, 63.6, 72.6, 58.6, 59.0, 63.2, 57.3, 48.9, 62.2, 83.1, 58.1, 59.5, 94.4, 53.0, 55.0, 71.6, 48.0, 41.3, 62.3, 41.5, 45.4, 63.6, 37.7, 53.8, 39.6, 88.3, 76.5, 62.2, 69.0, 46.9, 57.4, 67.0, 63.7, 62.1, 49.2, 56.0, 71.1, 41.9, 79.1, 48.0, 68.4, 62.6, 79.6, 76.0, 38.6, 89.0, 45.7, 57.1, 55.4, 74.3, 54.4, 41.0, 46.1, 58.5, 44.8, 61.3, 42.2, 46.6, 64.3, 52.1, 70.5, 81.6, 41.8, 49.8, 73.8, 43.9, 56.8, 64.9, 35.6, 39.5, 43.8, 60.3, 66.8, 42.3, 75.1, 50.0, 59.0]","[True, True, True, True, True, True, True, True, True, True, True, True, False, True, True, True, True, False, True, True, True, True, True, True, False, True, True, False, True, False, True, True, True, True, False, True, True, True, False, True, False, False, True, True, True, False, True, False, False, True, False, True, False, False, False, True, True, True, True, True, True, True, True, True, True, True, False, True, False, False, True, True, False, False, False, True, True, False, True, True, True, True]"
20210827155228,2183.0,"[2821.8, 3341.6, 3679.4, 3929.1, 4454.8, 5045.6, 3604.2, 3770.9, 5736.3, 4971.4, 3651.5, 3249.0, 3459.5, 4935.2, 4734.4, 3036.4, 3324.6, 3659.0, 3944.6, 3893.0, 3314.4, 3510.8, 3439.6, 3980.8, 3766.8, 3297.9, 3702.1, 5583.5, 3887.9, 4330.0, 5020.7, 2648.8, 3215.3, 3502.2, 3788.9, 3063.4, 2942.7, 3551.6, 5103.2, 3187.0, 3311.5, 2950.7, 5093.3, 4417.3, 3585.1, 3319.0, 2538.6, 5722.2, 4835.6, 3018.4, 4443.0, 3633.9, 3388.3, 3828.3, 3312.9, 2964.8, 3591.7, 3543.9, 3235.1, 3017.8, 3885.8, 4224.9, 3405.7, 3719.6, 2884.2, 3493.7, 9697.2, 4470.5, 2967.2]","[50.6, 49.2, 54.0, 44.7, 46.2, 51.5, 50.6, 48.5, 47.6, 44.8, 49.5, 51.2, 69.2, 50.9, 52.0, 72.5, 54.8, 67.4, 79.4, 53.7, 47.1, 71.2, 70.4, 55.7, 71.3, 58.3, 67.0, 83.4, 49.9, 41.7, 52.2, 45.9, 68.4, 51.5, 75.0, 64.9, 57.4, 66.1, 50.7, 50.9, 50.9, 51.7, 94.7, 57.4, 82.8, 58.1, 54.0, 54.2, 80.0, 57.7, 47.5, 58.9, 72.2, 53.2, 69.9, 43.2, 46.0, 46.0, 72.9, 65.0, 84.9, 63.5, 68.5, 90.2, 42.5, 68.1, 82.4, 71.9, 52.1]","[55.8, 68.0, 68.1, 88.0, 96.5, 98.0, 71.2, 77.7, 120.5, 110.9, 73.7, 63.4, 50.0, 97.0, 91.0, 41.9, 60.6, 54.3, 49.7, 72.4, 70.3, 49.3, 48.9, 71.5, 52.8, 56.5, 55.3, 67.0, 77.9, 103.8, 96.2, 57.7, 47.0, 68.0, 50.5, 47.2, 51.3, 53.7, 100.6, 62.6, 65.1, 57.0, 53.8, 77.0, 43.3, 57.1, 47.0, 105.5, 60.4, 52.3, 93.6, 61.7, 46.9, 72.0, 47.4, 68.6, 78.0, 77.0, 44.4, 46.4, 45.8, 66.5, 49.7, 41.2, 67.8, 51.3, 117.7, 62.2, 56.9]","[False, True, True, True, True, False, True, True, False, False, True, True, True, False, True, True, True, True, True, True, True, True, True, True, True, True, True, False, True, True, False, False, True, True, True, True, True, True, False, True, True, True, False, True, True, True, False, False, True, True, True, True, True, True, True, True, True, True, True, True, True, True, True, True, True, True, False, True, True]"
20210829155148,2516.0,"[4167.8, 4790.0, 3045.6, 3994.9, 3094.6, 4159.8, 3879.0, 4967.9, 4549.9, 3494.2, 3271.0, 4228.4, 3691.8, 3983.7, 3889.4, 4143.1, 4545.9, 3716.8, 4903.3, 3396.7, 4144.2, 3884.9, 5420.0, 4650.1, 3559.6, 4888.8, 3840.9, 3071.1, 5483.4, 3357.8, 4747.3, 6369.0, 4193.4, 3781.5, 4834.7, 4656.9, 4619.3, 4092.9, 3931.2, 5382.7, 4513.9, 4660.5, 3539.8, 3061.2, 5997.3, 3656.2, 4025.4, 3118.8, 6845.5, 3661.0, 3198.0, 4298.0, 6258.2, 5127.0, 5836.7, 6136.9, 4100.2, 3652.2, 4043.0, 3234.4, 4557.5, 4302.4, 4065.2, 2954.2, 3714.0, 3492.7, 5669.3, 3434.3, 3939.6, 3918.0, 3009.5, 5590.3, 4565.8, 3341.4, 3652.7, 4733.3, 3677.0, 2601.5, 3601.0, 5709.6, 7189.7, 3595.7, 3024.0, 3027.2, 3383.7, 5196.7, 3513.8, 3799.3, 3635.6, 4806.5, 7118.7, 3549.6, 7539.2, 4386.8, 4270.4, 4920.2, 5654.1, 4382.8, 3032.9]","[55.1, 57.9, 51.0, 59.8, 49.9, 53.1, 54.0, 57.0, 54.0, 51.8, 50.7, 53.2, 60.6, 64.3, 77.1, 58.2, 47.9, 48.2, 53.4, 63.6, 53.8, 57.5, 63.4, 66.0, 60.4, 63.8, 53.2, 43.8, 59.2, 44.4, 95.7, 63.8, 60.1, 60.8, 72.2, 60.5, 69.2, 55.7, 58.3, 94.2, 67.6, 69.2, 48.9, 61.9, 69.5, 67.2, 73.0, 52.4, 66.8, 62.1, 77.1, 78.9, 69.2, 85.5, 68.9, 81.2, 74.6, 83.4, 53.7, 60.7, 74.7, 92.1, 80.3, 58.4, 70.8, 44.6, 86.1, 77.3, 63.6, 69.2, 61.9, 90.2, 79.2, 66.8, 56.2, 97.8, 60.6, 56.6, 68.1, 65.3, 80.8, 55.2, 47.6, 35.8, 76.0, 97.2, 55.5, 55.4, 60.6, 75.7, 101.1, 76.6, 115.4, 65.2, 74.3, 93.0, 72.2, 77.6, 77.4]","[75.6, 82.7, 59.7, 66.8, 62.0, 78.3, 71.8, 87.1, 84.2, 67.4, 64.5, 79.5, 60.9, 61.9, 50.4, 71.2, 94.8, 77.0, 91.7, 53.4, 77.0, 67.6, 85.5, 70.4, 58.9, 76.6, 72.2, 70.1, 92.6, 75.6, 49.6, 99.8, 69.8, 62.2, 67.0, 77.0, 66.7, 73.5, 67.5, 57.2, 66.8, 67.4, 72.3, 49.4, 86.3, 54.4, 55.1, 59.6, 102.4, 59.0, 41.5, 54.5, 90.4, 60.0, 84.7, 75.6, 55.0, 43.8, 75.3, 53.3, 61.0, 46.7, 50.6, 50.5, 52.5, 78.2, 65.9, 44.4, 61.9, 56.6, 48.6, 62.0, 57.7, 50.0, 65.0, 48.4, 60.7, 45.9, 52.9, 87.4, 89.0, 65.1, 63.5, 84.7, 44.5, 53.5, 63.3, 68.6, 60.0, 63.5, 70.4, 46.4, 65.3, 67.3, 57.5, 52.9, 78.3, 56.5, 39.2]","[True, True, False, True, False, True, True, True, True, True, True, True, True, True, True, True, True, True, True, True, True, True, False, True, True, True, True, False, False, True, True, False, True, True, True, True, True, True, True, False, True, True, True, False, False, True, True, False, False, True, False, True, False, True, False, False, True, True, True, False, True, True, True, False, True, True, False, True, True, True, False, False, True, True, True, True, True, False, True, False, False, True, False, False, True, True, True, True, True, True, False, True, False, True, True, True, False, True, False]"
20210901154447,2873.0,"[6056.4, 6541.1, 4986.1, 4470.3, 4323.9, 5009.9, 5813.8, 4856.8, 5130.6, 3236.5, 4094.9, 3940.5, 4158.5, 4889.8, 4486.4, 3659.8, 5953.7, 4681.2, 4407.5, 5721.7, 3571.9, 5308.2, 2764.0, 5135.7, 5505.9, 4666.1, 5212.6, 6639.3, 3804.3, 4750.2, 3753.5, 4386.7, 5058.3, 2723.7, 4874.8, 4716.1, 2689.7, 3644.2, 8547.5, 7220.2, 2930.5, 5277.1, 4006.5, 3289.1, 5272.9, 4443.5, 5935.5, 5288.2, 4150.8, 3275.2, 4469.7, 3777.4, 5989.0, 3050.9, 4911.9, 5256.8, 4741.3, 4137.6, 5880.3, 3748.6, 9309.1, 4069.4, 2940.7, 6799.1, 3317.8, 4941.2, 2668.4, 3677.7, 5321.6, 3065.6, 5053.6, 8061.7, 3829.9, 2835.3, 4978.4, 5439.8, 6867.3, 5892.0, 3613.2, 4822.8, 4958.9, 4138.9, 4815.1, 2553.1, 4791.5, 11896.6]","[48.9, 49.8, 64.4, 54.0, 66.4, 59.8, 73.9, 79.3, 65.4, 46.2, 49.5, 56.6, 61.6, 67.3, 67.3, 55.3, 55.9, 78.1, 54.8, 63.1, 69.1, 43.6, 63.3, 58.4, 63.0, 54.7, 74.7, 62.3, 51.6, 76.9, 74.3, 67.3, 63.8, 65.9, 68.5, 62.2, 48.4, 71.0, 83.4, 68.5, 67.5, 73.1, 56.8, 70.5, 50.3, 76.0, 82.2, 70.7, 53.1, 56.7, 73.7, 61.8, 65.1, 63.6, 85.9, 96.5, 91.0, 68.7, 95.1, 79.8, 87.1, 60.7, 62.1, 72.9, 65.0, 74.5, 42.7, 70.0, 84.9, 63.0, 62.4, 71.2, 82.4, 59.1, 80.0, 83.9, 82.1, 64.7, 57.4, 95.3, 87.5, 76.6, 74.6, 42.5, 88.4, 91.2]","[123.8, 131.4, 77.4, 82.8, 65.1, 83.7, 78.7, 61.3, 78.4, 70.1, 82.7, 69.6, 67.5, 72.6, 66.7, 66.2, 106.5, 59.9, 80.5, 90.7, 51.7, 121.9, 43.7, 87.9, 87.4, 85.2, 69.8, 106.6, 73.7, 61.8, 50.5, 65.2, 79.3, 41.3, 71.1, 75.8, 55.6, 51.3, 102.5, 105.4, 43.4, 72.2, 70.5, 46.7, 104.8, 58.5, 72.2, 74.8, 78.2, 57.8, 60.6, 61.1, 92.0, 48.0, 57.2, 54.5, 52.1, 60.2, 61.9, 47.0, 106.9, 67.0, 47.3, 93.2, 51.1, 66.4, 62.5, 52.5, 62.6, 48.7, 80.9, 113.2, 46.5, 47.9, 62.2, 64.8, 83.6, 91.1, 63.0, 50.6, 56.7, 54.0, 64.6, 60.1, 54.2, 130.5]","[True, False, True, True, True, True, True, True, True, False, True, True, True, True, True, True, True, True, True, True, True, True, False, True, True, True, True, False, True, True, True, True, True, False, True, True, False, True, False, False, False, True, True, True, True, True, True, True, True, False, True, True, True, False, True, True, True, True, True, True, False, True, False, False, True, True, False, True, True, False, True, False, True, False, True, True, False, True, True, True, True, True, True, False, True, False]"
20210830155133,2573.0,"[3869.0, 3585.5, 3598.5, 4924.9, 3900.9, 3390.6, 4034.4, 5054.9, 4700.3, 4343.6, 3037.5, 4618.9, 3867.7, 4348.2, 4602.6, 4298.2, 3783.4, 3792.7, 7908.7, 3585.6, 4492.5, 3707.6, 4660.7, 3491.6, 3494.4, 3814.5, 5112.4, 3059.3, 4443.1, 3877.4, 4168.1, 4633.9, 3943.7, 5404.2, 4158.1, 3465.8, 4553.3, 3212.7, 4409.5, 5735.7, 4440.2, 5844.8, 4952.6, 3131.7, 4512.9, 3437.8, 2747.5, 4555.8, 3703.5, 3900.1, 5976.1, 4715.3, 2615.9, 5275.3, 4089.9, 4488.1, 3488.9, 4277.2, 4404.4, 3780.4, 3587.6, 3505.6, 3370.9, 8228.4, 4469.4, 6254.5, 7896.1, 5392.8, 5344.9, 6823.9, 3503.0, 4890.9, 4356.7, 3497.2, 4399.2, 5205.0, 4560.1, 3756.2, 4127.5, 5702.4, 6463.8, 5950.6, 5660.7, 4990.1, 4532.9, 5116.0, 6294.8, 3792.0, 6311.1, 3121.8, 5525.0, 2609.4, 5513.4]","[49.5, 48.5, 51.5, 51.3, 52.8, 56.8, 48.4, 78.2, 70.6, 60.3, 50.1, 49.8, 73.1, 64.3, 63.5, 51.5, 67.1, 68.7, 71.6, 62.5, 49.7, 55.8, 54.5, 60.0, 43.9, 57.4, 62.8, 60.9, 65.6, 59.5, 68.1, 83.2, 60.9, 78.3, 55.7, 47.4, 63.7, 52.7, 75.3, 66.3, 60.4, 58.6, 78.6, 72.4, 59.4, 69.4, 47.2, 62.8, 62.0, 81.1, 75.0, 77.3, 61.3, 77.1, 73.3, 83.5, 66.0, 71.5, 73.0, 77.7, 65.5, 78.5, 69.9, 63.1, 79.5, 80.0, 108.0, 67.8, 83.3, 112.0, 60.2, 66.0, 47.5, 48.3, 63.7, 69.0, 48.4, 76.3, 68.2, 75.0, 96.1, 66.0, 102.9, 84.1, 58.3, 101.5, 77.1, 41.1, 80.5, 53.9, 67.1, 60.1, 72.2]","[78.2, 74.0, 69.8, 96.0, 73.8, 59.7, 83.3, 64.6, 66.6, 72.0, 60.6, 92.8, 52.9, 67.7, 72.4, 83.4, 56.4, 55.2, 110.4, 57.4, 90.3, 66.4, 85.4, 58.2, 79.6, 66.5, 81.4, 50.2, 67.7, 65.2, 61.2, 55.7, 64.8, 69.0, 74.6, 73.1, 71.4, 60.9, 58.5, 86.5, 73.6, 99.8, 63.0, 43.3, 76.0, 49.6, 58.2, 72.5, 59.7, 48.1, 79.7, 61.0, 42.7, 68.4, 55.8, 53.7, 52.8, 59.9, 60.3, 48.6, 54.8, 44.6, 48.2, 130.3, 56.2, 78.2, 73.1, 79.5, 64.2, 60.9, 58.1, 74.1, 91.8, 72.4, 69.0, 75.4, 94.3, 49.2, 60.5, 76.1, 67.3, 90.2, 55.0, 59.3, 77.7, 50.4, 81.6, 92.2, 78.4, 58.0, 82.4, 43.4, 76.4]","[True, True, True, True, True, True, True, True, True, True, False, True, True, True, True, True, True, True, False, True, True, True, True, True, True, True, True, False, True, True, True, True, True, True, True, True, True, False, True, False, True, False, True, False, True, True, False, True, True, True, False, True, False, True, True, True, True, True, True, True, True, True, False, False, True, False, False, True, True, False, True, True, True, True, True, True, True, True, True, False, False, False, False, True, True, True, False, True, False, False, True, False, True]"
20210902154626,3226.0,"[6268.1, 6190.0, 5808.5, 7256.7, 5057.3, 3832.7, 3996.8, 6081.1, 5464.4, 3683.6, 3901.0, 6541.5, 5047.1, 4424.1, 6165.7, 6617.8, 5046.7, 3525.9, 4193.7, 2781.6, 5517.9, 5276.4, 5078.6, 6387.4, 6329.9, 1808.8, 4361.8, 8114.0, 4613.5, 9121.9, 4833.2, 4554.2, 4496.6, 6502.5, 5190.9, 4478.3, 5531.2, 4789.5, 5865.8, 4173.5, 5318.9, 6769.3, 5720.6, 4732.6, 6370.5, 3651.5, 4743.8, 6131.7, 8352.9, 7038.6, 3985.8, 5904.6, 4331.3, 5399.7, 5779.8, 4965.9, 5637.5, 9225.8]","[56.1, 52.9, 53.5, 60.8, 56.8, 57.7, 58.8, 83.3, 59.7, 63.3, 55.8, 74.7, 59.7, 78.5, 89.0, 78.1, 56.3, 81.3, 74.7, 39.6, 63.8, 51.0, 55.3, 66.2, 71.0, 46.8, 93.5, 90.2, 68.2, 67.4, 61.3, 60.8, 63.8, 61.9, 76.5, 82.7, 98.4, 73.7, 67.4, 75.4, 64.3, 81.1, 74.7, 72.0, 80.0, 59.6, 73.2, 68.1, 109.1, 56.6, 75.5, 72.0, 66.1, 55.9, 82.3, 65.1, 54.5, 96.7]","[111.6, 117.0, 108.6, 119.4, 89.1, 66.5, 67.9, 73.0, 91.5, 58.2, 70.0, 87.6, 84.6, 56.4, 69.3, 84.7, 89.7, 43.3, 56.1, 70.3, 86.5, 103.4, 91.9, 96.5, 89.2, 38.6, 46.7, 90.0, 67.7, 135.3, 78.9, 74.9, 70.4, 105.0, 67.9, 54.2, 56.2, 65.0, 87.0, 55.4, 82.7, 83.4, 76.6, 65.7, 79.6, 61.3, 64.8, 90.1, 76.5, 124.3, 52.8, 82.0, 65.6, 96.6, 70.2, 76.3, 103.5, 95.4]","[True, True, True, False, True, False, False, True, True, False, False, True, True, True, True, True, True, False, True, False, True, True, True, True, True, False, True, False, True, False, True, True, True, True, True, True, True, True, True, True, True, True, True, True, True, False, True, True, False, False, False, True, True, True, True, True, True, False]"
20210831155148,2666.0,"[3368.1, 4464.2, 8489.5, 4558.8, 4197.0, 4444.9, 4970.4, 4496.4, 6800.3, 4170.6, 3408.6, 3059.4, 4142.2, 4638.7, 3847.5, 4088.4, 4952.5, 3102.5, 3131.4, 5422.7, 4282.1, 3662.0, 3328.3, 7005.8, 5721.2, 4796.8, 4543.8, 4782.7, 5007.1, 5271.4, 4506.5, 3624.0, 5162.3, 6098.7, 3064.2, 5039.2, 3817.9, 3077.5, 4199.2, 2769.0, 4581.8, 5395.6, 4458.8, 2386.7, 5079.4, 6097.2, 4863.5, 6064.5, 3216.4, 2748.1, 5234.9, 3071.4, 4258.7, 8567.5, 4760.4, 3723.9, 6015.6, 4935.6, 6875.5, 4721.0, 2895.8, 4861.3, 3103.6, 3701.4, 3171.7, 3517.8, 3710.1, 3882.3, 3505.0, 4391.6, 3092.8, 3376.7, 2814.4, 5395.0, 2992.8, 4345.7, 4130.8, 7138.3, 6787.5, 6275.7, 3544.1, 5092.0, 4326.3, 8033.8, 3574.9, 4070.3]","[44.1, 50.0, 76.7, 50.3, 47.0, 50.6, 56.8, 63.6, 62.9, 72.1, 52.8, 63.0, 57.4, 76.5, 73.5, 58.1, 53.7, 67.4, 51.5, 97.2, 69.6, 72.8, 44.7, 90.7, 85.6, 55.6, 76.5, 47.9, 50.5, 55.9, 58.9, 47.8, 84.7, 57.8, 59.5, 93.9, 50.8, 72.6, 66.0, 66.3, 79.5, 69.3, 89.3, 50.7, 72.9, 82.1, 76.7, 79.8, 65.8, 65.0, 82.9, 64.4, 76.8, 87.6, 73.2, 61.8, 81.8, 60.5, 62.1, 88.3, 65.7, 84.3, 52.8, 72.2, 69.8, 55.6, 72.7, 76.1, 57.5, 56.8, 52.2, 70.2, 44.3, 88.0, 67.1, 84.7, 82.7, 76.8, 71.8, 75.0, 63.2, 84.1, 79.1, 102.4, 71.9, 43.0]","[76.4, 89.2, 110.7, 90.6, 89.4, 87.9, 87.5, 70.7, 108.2, 57.9, 64.5, 48.5, 72.2, 60.6, 52.3, 70.3, 92.3, 46.0, 60.8, 55.8, 61.5, 50.3, 74.5, 77.2, 66.8, 86.3, 59.4, 99.8, 99.1, 94.3, 76.5, 75.8, 60.9, 105.6, 51.5, 53.6, 75.1, 42.4, 63.6, 41.8, 57.6, 77.8, 49.9, 47.1, 69.7, 74.3, 63.4, 76.0, 48.9, 42.3, 63.1, 47.7, 55.5, 97.8, 65.1, 60.2, 73.5, 81.6, 110.7, 53.4, 44.0, 57.7, 58.8, 51.3, 45.4, 63.3, 51.0, 51.0, 60.9, 77.4, 59.3, 48.1, 63.6, 61.3, 44.6, 51.3, 50.0, 92.9, 94.6, 83.7, 56.1, 60.6, 54.7, 78.5, 49.7, 94.7]","[True, True, False, True, True, True, True, True, False, True, True, False, True, True, True, True, True, False, False, True, True, True, True, False, True, True, True, True, True, True, True, True, True, False, False, True, True, False, True, False, True, True, True, False, True, False, True, False, True, False, True, False, True, False, True, True, False, True, False, True, False, True, False, True, False, True, True, True, True, True, False, True, False, True, False, True, True, False, False, False, True, True, True, False, True, True]"
20210825154709,2158.0,"[3225.8, 2794.8, 3626.4, 3604.2, 2754.4, 3412.3, 3574.3, 2778.5, 4601.4, 5337.8, 3392.6, 2924.7, 3947.5, 3351.7, 3420.1, 3436.4, 4184.8, 3845.4, 4165.5, 3193.9, 5388.5, 3597.8, 3119.8, 5106.5, 2363.7, 4466.2, 4844.6, 4192.1, 2919.1, 3984.2, 3342.4, 3979.5, 2671.2, 2795.9, 6205.3, 5348.0, 3951.4, 3388.0, 3352.8, 2105.4, 2333.6, 3447.7, 4042.2, 2098.8, 2727.7, 4654.3, 2342.0, 3514.8, 3740.0, 3647.8, 2345.3, 2684.4, 2811.7, 2531.3, 3846.1, 4459.3, 4241.7, 4301.5, 3086.2, 3266.8, 3568.1, 3756.6, 3596.8, 3256.5, 2451.2, 3994.9, 4665.9, 3347.4, 2421.1, 3320.7, 5246.1, 1839.1, 2787.8, 3219.4, 2637.4, 2818.4, 3373.3, 3677.0, 4696.2, 4245.3, 2510.1, 2422.3, 3886.0, 3476.9, 2451.4, 2300.5, 3982.3, 6545.9, 6202.1, 4362.0, 3347.0, 4975.6, 1757.3, 3679.0, 6142.5, 4393.2, 3485.5, 3768.7, 4119.9, 3928.8]","[44.2, 48.5, 50.4, 49.4, 62.4, 47.8, 66.0, 60.8, 51.3, 51.5, 44.3, 52.3, 46.2, 40.9, 48.0, 54.8, 53.5, 49.9, 56.0, 67.4, 63.9, 51.8, 47.8, 69.9, 49.8, 63.9, 66.9, 64.4, 56.6, 53.4, 59.5, 56.5, 61.0, 48.8, 64.5, 69.1, 72.9, 69.2, 53.6, 41.1, 54.5, 50.1, 61.8, 48.1, 39.7, 55.3, 44.9, 47.5, 57.9, 47.8, 59.6, 60.5, 50.6, 67.3, 74.4, 48.5, 83.0, 52.2, 75.4, 57.1, 51.9, 47.6, 69.6, 49.3, 62.5, 57.5, 66.0, 56.7, 44.1, 57.7, 70.4, 38.0, 65.1, 66.3, 64.5, 58.6, 60.9, 58.9, 75.9, 71.9, 60.0, 60.5, 66.0, 55.2, 39.0, 58.1, 47.7, 65.0, 83.1, 64.3, 56.0, 93.7, 37.7, 59.1, 84.8, 66.6, 65.5, 82.8, 59.0, 61.2]","[72.9, 57.6, 71.9, 72.9, 44.1, 71.4, 54.2, 45.7, 89.6, 103.7, 76.5, 55.9, 85.4, 81.9, 71.3, 62.7, 78.2, 77.0, 74.4, 47.4, 84.3, 69.4, 65.3, 73.1, 47.4, 69.9, 72.5, 65.1, 51.6, 74.7, 56.2, 70.4, 43.8, 57.2, 96.2, 77.4, 54.2, 49.0, 62.6, 51.3, 42.8, 68.9, 65.4, 43.7, 68.7, 84.1, 52.1, 74.0, 64.5, 76.4, 39.3, 44.4, 55.6, 37.6, 51.7, 92.0, 51.1, 82.4, 40.9, 57.2, 68.8, 79.0, 51.6, 66.0, 39.2, 69.5, 70.7, 59.1, 54.9, 57.6, 74.6, 48.5, 42.8, 48.5, 40.9, 48.1, 55.4, 62.4, 61.9, 59.1, 41.9, 40.0, 58.9, 63.0, 62.9, 39.6, 83.4, 100.8, 74.6, 67.8, 59.7, 53.1, 46.6, 62.2, 72.4, 66.0, 53.2, 45.5, 69.8, 64.2]","[True, True, True, True, True, True, True, True, False, False, True, True, True, True, True, True, True, True, True, True, False, True, True, False, False, True, False, True, True, True, True, True, True, True, False, False, True, True, True, False, False, True, True, False, True, False, False, True, True, True, False, True, True, False, True, True, True, True, True, True, True, True, True, True, False, True, False, True, False, True, False, False, True, True, False, True, True, True, False, True, False, False, True, True, False, False, True, False, False, True, True, False, False, True, False, True, True, True, True, True]"
20210826155219,2254.0,"[3043.3, 4349.7, 4636.4, 6441.9, 3995.2, 3211.4, 3340.4, 3123.3, 4051.3, 3380.6, 3771.1, 4021.7, 2236.9, 3110.4, 3213.3, 4451.7, 3175.2, 2965.5, 4184.3, 3459.8, 3444.1, 3016.2, 3606.6, 2711.2, 4426.5, 4078.4, 5597.7, 2823.3, 4365.2, 3880.7, 3108.4, 4590.0, 3226.3, 4705.9, 4117.8, 4081.1, 4319.0, 3519.2, 3741.0, 3716.3, 2775.2, 4062.3, 3414.1, 2809.3, 3315.6, 4335.7, 2968.5, 4003.6, 4793.4, 3895.8, 3658.0, 2716.0, 4185.8, 3658.1, 3134.0, 3201.4, 2145.4, 8119.1, 5423.7, 4740.2, 3237.9, 4183.9, 4282.2, 3310.4, 3138.4, 3128.4, 2629.0, 4144.4, 3939.1, 2532.2, 3086.3, 3423.0, 2754.0, 7926.7, 2823.6, 3067.9, 2362.4, 3520.0, 3235.0, 3478.8, 3670.6, 3712.5, 3025.2, 6842.7, 3283.7, 4636.6, 2447.7, 4140.7, 4121.6, 4013.0, 4500.2, 6257.7, 3303.7, 4508.2, 6099.6, 4523.3, 3058.5, 2708.5, 4431.9, 3583.1]","[43.7, 45.8, 46.4, 53.5, 50.3, 59.9, 47.7, 49.2, 50.2, 41.6, 51.7, 50.9, 51.4, 46.6, 46.9, 59.9, 55.2, 54.5, 51.5, 58.2, 78.2, 44.8, 55.1, 46.2, 59.3, 55.1, 56.6, 72.7, 59.7, 53.6, 60.3, 76.4, 74.3, 59.2, 47.9, 56.8, 70.0, 47.7, 50.2, 64.9, 49.6, 73.2, 62.3, 54.3, 72.3, 60.5, 45.3, 67.3, 81.3, 88.7, 53.6, 59.8, 86.1, 49.6, 45.4, 55.4, 30.4, 62.0, 63.8, 60.7, 50.6, 94.6, 92.6, 51.4, 45.8, 61.1, 53.1, 93.0, 47.1, 44.5, 48.3, 78.7, 60.0, 66.2, 44.2, 56.2, 41.4, 64.9, 51.0, 57.2, 75.6, 85.5, 70.8, 72.5, 67.5, 74.3, 59.7, 56.9, 70.0, 79.0, 76.7, 69.8, 74.0, 88.7, 67.9, 67.4, 45.2, 50.5, 61.1, 70.3]","[69.6, 95.0, 99.9, 120.4, 79.4, 53.6, 70.1, 63.4, 80.7, 81.3, 72.9, 79.0, 43.5, 66.8, 68.5, 74.3, 57.5, 54.4, 81.2, 59.4, 44.1, 67.3, 65.4, 58.7, 74.7, 74.0, 98.9, 38.8, 73.2, 72.3, 51.6, 60.1, 43.4, 79.5, 85.9, 71.9, 61.7, 73.7, 74.6, 57.3, 56.0, 55.5, 54.8, 51.8, 45.9, 71.7, 65.5, 59.5, 58.9, 43.9, 68.2, 45.4, 48.6, 73.7, 69.1, 57.8, 70.6, 131.0, 85.0, 78.1, 64.0, 44.2, 46.3, 64.4, 68.5, 51.2, 49.5, 44.6, 83.7, 56.9, 63.9, 43.5, 45.9, 119.8, 63.9, 54.6, 57.1, 54.2, 63.4, 60.9, 48.6, 43.4, 42.7, 94.4, 48.7, 62.4, 41.0, 72.8, 58.9, 50.8, 58.7, 89.7, 44.7, 50.8, 89.8, 67.1, 67.6, 53.7, 72.5, 51.0]","[True, True, True, False, True, True, True, True, True, True, True, True, False, True, True, True, True, True, True, True, True, True, True, False, True, True, False, True, True, True, True, True, True, True, True, True, True, True, True, True, True, True, True, True, True, True, True, True, True, True, True, False, True, True, True, True, False, False, False, True, True, True, True, True, True, True, False, True, True, False, True, True, False, False, True, True, False, True, True, True, True, True, True, False, True, True, False, True, True, True, True, False, True, True, False, True, True, False, True, True]"
20210824094820,2091.0,"[2728.6, 3843.1, 4378.9, 3124.5, 3279.1, 4020.1, 3039.9, 4216.9, 2966.2, 3407.2, 4066.6, 5433.7, 4157.8, 3276.8, 3919.6, 3822.3, 2983.4, 2493.3, 4621.3, 3243.9, 2755.1, 2816.1, 2507.5, 3490.2, 5283.9, 2731.1, 3068.4, 2703.9, 2988.4, 3476.4, 2886.8, 2356.2, 3755.6, 3520.7, 4216.7, 3972.2, 3251.2, 2404.1, 3091.0, 4019.6, 2617.1, 5248.2, 3408.0, 3795.3, 4915.4, 2898.6, 3098.1, 3880.4, 3056.5, 2933.9, 4498.3]","[36.8, 49.8, 50.2, 48.9, 48.0, 51.1, 45.2, 63.8, 71.5, 64.1, 51.3, 58.0, 71.9, 50.0, 39.1, 58.9, 55.3, 50.1, 81.0, 46.5, 40.4, 64.4, 58.1, 39.0, 73.5, 58.2, 60.3, 60.5, 49.5, 62.9, 60.4, 45.8, 64.8, 86.7, 91.4, 63.1, 52.7, 58.8, 62.4, 44.1, 63.1, 84.4, 66.8, 54.2, 57.8, 60.8, 53.8, 52.3, 43.4, 48.6, 66.2]","[74.2, 77.2, 87.2, 63.9, 68.4, 78.6, 67.3, 66.1, 41.5, 53.1, 79.2, 93.7, 57.8, 65.5, 100.2, 64.9, 54.0, 49.8, 57.1, 69.8, 68.2, 43.8, 43.2, 89.6, 71.8, 46.9, 50.9, 44.7, 60.4, 55.2, 47.8, 51.4, 58.0, 40.6, 46.2, 62.9, 61.7, 40.9, 49.5, 91.1, 41.5, 62.2, 51.0, 70.0, 85.1, 47.7, 57.6, 74.2, 70.4, 60.3, 68.0]","[False, True, False, True, True, True, True, True, True, True, True, False, True, True, True, True, True, False, False, True, True, True, False, True, False, False, True, False, True, True, True, False, True, True, True, True, True, False, True, True, False, False, True, True, False, True, True, True, True, True, False]"
20210828154614,2373.0,"[3975.6, 4013.0, 3785.5, 4381.5, 3300.4, 3563.5, 3087.0, 3900.5, 5728.1, 4036.4, 5489.0, 3052.0, 2624.8, 4114.8, 3196.8, 3026.9, 3570.4, 4027.8, 3711.9, 4922.7, 3497.0, 4161.1, 4873.4, 4188.3, 3964.6, 2904.1, 3032.5, 3272.2, 3654.9, 2673.3, 3284.7, 4219.3, 2870.3, 4231.2, 3993.0, 4420.3, 3448.1, 3593.8, 3663.0, 3469.9, 3172.8, 3660.4, 3207.5, 3878.7, 2749.4, 4798.3, 3875.2, 4943.2, 4909.4, 4146.8, 5330.6, 5800.9, 3890.4, 2643.7, 2733.8, 3388.8, 3826.0, 4037.3, 2921.0, 5224.3, 3791.0, 3953.9, 2945.5, 3355.5, 2942.3, 2728.4, 4397.7, 5548.9, 5506.7, 5435.4, 3685.0, 2638.6, 4363.4, 5849.1, 4758.2, 3650.9, 4043.5, 3852.3, 4093.8, 3148.9, 6488.6, 3720.3, 4513.9, 4149.2, 3696.3, 3057.2, 4762.5, 3153.3, 3689.1, 3833.7, 5386.9, 4745.8, 5458.0, 5469.6, 5003.6, 5085.5, 2565.1, 4570.2, 2684.7]","[42.5, 54.6, 61.6, 47.9, 57.4, 62.4, 56.6, 62.0, 64.0, 67.0, 57.6, 50.5, 42.5, 63.2, 69.5, 49.4, 50.9, 47.6, 48.3, 56.3, 65.8, 47.2, 50.5, 52.0, 63.7, 50.5, 63.1, 51.9, 58.4, 65.7, 55.3, 46.6, 56.5, 67.0, 82.2, 89.2, 77.8, 61.1, 56.9, 60.8, 61.6, 43.3, 65.9, 67.7, 52.2, 53.8, 57.1, 57.0, 61.9, 63.8, 80.2, 78.0, 61.8, 60.8, 49.1, 78.4, 77.7, 68.0, 46.9, 47.4, 62.5, 75.7, 63.6, 72.0, 68.2, 50.1, 64.4, 71.5, 85.3, 51.8, 69.1, 53.8, 91.7, 59.1, 45.8, 80.0, 85.4, 69.7, 69.5, 58.9, 66.4, 61.5, 92.2, 79.1, 62.4, 61.6, 82.8, 49.3, 71.2, 87.0, 55.8, 97.5, 90.3, 71.1, 80.6, 83.7, 63.9, 91.7, 64.2]","[93.6, 73.4, 61.5, 91.5, 57.5, 57.1, 54.5, 62.9, 89.6, 60.3, 95.2, 60.4, 61.7, 65.1, 46.0, 61.2, 70.1, 84.6, 76.8, 87.5, 53.1, 88.2, 96.5, 80.5, 62.2, 57.5, 48.1, 63.1, 62.6, 40.7, 59.4, 90.5, 50.8, 63.1, 48.6, 49.6, 44.3, 58.9, 64.4, 57.1, 51.5, 84.5, 48.6, 57.3, 52.6, 89.2, 67.9, 86.7, 79.4, 64.9, 66.5, 74.4, 63.0, 43.4, 55.7, 43.2, 49.3, 59.4, 62.3, 110.3, 60.7, 52.3, 46.3, 46.6, 43.2, 54.5, 68.3, 77.6, 64.5, 104.9, 53.4, 49.1, 47.6, 99.0, 103.8, 45.6, 47.4, 55.3, 58.9, 53.5, 97.7, 60.5, 49.0, 52.4, 59.3, 49.6, 57.5, 63.9, 51.8, 44.1, 96.6, 48.7, 60.5, 76.9, 62.1, 60.8, 40.1, 49.8, 41.8]","[True, True, True, True, True, True, True, True, False, True, False, False, False, True, True, False, True, True, True, False, True, True, False, True, True, False, False, True, True, False, True, True, False, True, True, True, True, True, True, True, True, True, True, True, False, True, True, False, False, True, False, False, True, False, False, True, True, True, False, False, True, True, False, True, False, False, True, False, False, False, True, False, True, False, True, True, True, True, True, True, False, True, True, True, True, False, True, True, True, True, False, True, False, False, False, False, False, True, False]"
20210913155224,4718.0,"[7329.9, 5730.0, 8694.0, 7747.5, 8027.3, 9911.3, 9831.6, 8117.9, 7187.7, 7863.3, 9990.9, 8619.9, 8046.8, 9876.1, 6341.3, 10604.5, 7192.5, 7304.4, 11940.5, 8315.0, 7328.6, 8735.0, 7097.1, 5633.6, 4695.7, 8834.7, 9994.9, 8160.9, 8074.5, 8402.5, 9057.6, 4925.4, 6424.8, 10402.1, 5701.3, 14116.0, 7189.6, 8366.4, 7727.5, 4926.8, 6354.2, 6835.7, 6258.3, 8823.7, 5854.2, 5085.1, 7400.3, 8244.0, 7178.0, 7918.9, 17554.1, 7351.4, 9282.7, 8711.3, 8642.0, 6976.7, 7833.8, 6392.1, 7402.1, 6917.9, 9436.5, 6349.3, 6282.5, 4589.9, 6195.9, 8575.2, 17403.3, 8633.0, 7232.5, 6461.9]","[68.5, 56.9, 76.8, 66.0, 67.5, 85.2, 81.3, 74.4, 69.5, 68.0, 83.3, 74.9, 89.5, 68.1, 83.2, 76.1, 93.2, 62.5, 106.4, 94.2, 72.1, 81.8, 92.3, 87.7, 80.0, 96.8, 95.2, 91.6, 94.1, 95.4, 91.2, 89.7, 91.6, 101.1, 63.3, 105.1, 73.6, 87.8, 95.9, 90.0, 66.4, 95.7, 72.8, 84.7, 109.5, 90.7, 71.8, 112.4, 76.8, 70.1, 128.8, 108.3, 92.7, 129.1, 96.8, 81.0, 111.2, 102.7, 79.4, 89.5, 118.4, 111.0, 77.3, 85.9, 95.3, 96.7, 112.7, 99.4, 107.4, 85.8]","[107.0, 100.7, 113.2, 117.4, 118.9, 116.3, 120.9, 109.1, 103.5, 115.6, 119.9, 115.0, 89.9, 145.0, 76.2, 139.3, 77.2, 116.9, 112.2, 88.3, 101.6, 106.8, 76.9, 64.2, 58.7, 91.2, 105.0, 89.1, 85.8, 88.0, 99.3, 54.9, 70.2, 102.9, 90.0, 134.4, 97.7, 95.3, 80.6, 54.7, 95.7, 71.4, 85.9, 104.1, 53.5, 56.1, 103.1, 73.3, 93.5, 113.0, 136.3, 67.9, 100.1, 67.5, 89.3, 86.1, 70.5, 62.3, 93.2, 77.3, 79.7, 57.2, 81.3, 53.4, 65.0, 88.7, 154.5, 86.8, 67.3, 75.3]","[True, True, True, True, True, True, True, True, True, True, True, True, True, True, True, False, True, True, False, True, True, True, True, False, False, True, True, True, True, True, True, False, True, False, False, False, True, True, True, False, True, True, True, True, True, False, True, True, True, True, False, True, True, True, True, True, True, True, True, True, True, True, True, False, True, True, False, True, True, True]"
20210911155350,4466.0,"[6981.5, 7458.5, 11956.1, 7002.4, 10387.1, 7149.4, 9426.5, 6315.4, 6353.6, 9105.5, 6746.0, 8679.7, 6803.5, 3948.1, 4456.9, 10145.1, 6719.2, 7232.4, 8109.5, 8316.2, 4627.5, 7713.6, 6674.1, 8132.9, 8433.7, 6187.1, 6279.3, 7125.7, 5002.4, 6909.6, 6273.0, 13556.2, 5887.1, 6696.3, 1463.3, 9704.1, 6918.2, 8627.9, 7650.4, 5334.0, 8060.2, 6025.8, 4210.6, 6628.3, 5364.7, 8125.6, 6192.1, 10792.4, 5290.7, 16430.9, 7697.4, 9633.3]","[79.2, 69.6, 70.3, 58.5, 80.3, 84.6, 105.5, 73.9, 70.6, 91.6, 98.3, 97.2, 73.7, 73.1, 57.1, 63.8, 71.1, 89.1, 84.0, 115.4, 72.2, 69.2, 68.3, 77.0, 82.3, 66.5, 94.2, 108.0, 89.3, 92.1, 85.0, 106.8, 64.5, 79.2, 33.2, 127.2, 68.7, 123.4, 96.0, 63.9, 116.7, 67.4, 84.9, 87.2, 93.3, 108.3, 85.9, 104.3, 80.0, 115.5, 102.2, 88.3]","[88.2, 107.2, 170.1, 119.8, 129.3, 84.5, 89.3, 85.5, 90.0, 99.4, 68.6, 89.3, 92.3, 54.0, 78.0, 159.0, 94.5, 81.1, 96.6, 72.1, 64.1, 111.5, 97.7, 105.6, 102.4, 93.0, 66.6, 66.0, 56.0, 75.0, 73.8, 126.9, 91.3, 84.6, 44.0, 76.3, 100.7, 69.9, 79.7, 83.4, 69.0, 89.3, 49.6, 76.0, 57.5, 75.1, 72.0, 103.4, 66.1, 142.2, 75.3, 109.1]","[True, True, False, True, False, True, True, True, True, True, True, True, True, False, False, False, True, True, True, True, False, True, True, True, True, True, True, True, False, True, True, False, True, True, False, True, True, True, True, True, True, True, False, True, True, True, True, False, True, False, True, True]"
20210907154922,3728.0,"[8475.3, 5300.8, 5538.3, 3937.1, 7459.0, 9515.9, 4427.9, 6737.7, 4946.5, 3778.5, 8162.8, 7650.4, 4663.4, 6986.7, 4039.7, 6643.0, 10034.8, 4936.6, 3346.9, 7894.2, 6494.9, 3577.3, 7873.7, 8544.2, 5207.5, 5141.0, 5351.7, 3758.3, 3060.4, 5839.8, 9961.9, 3912.5, 5436.4, 7647.7, 3974.4, 7143.7, 5124.2, 6468.8, 7548.4, 4918.0, 5437.3, 2962.2, 6302.9, 10240.1, 6828.5, 6958.0, 5437.1, 4312.4, 4719.1, 5930.8, 6224.5, 8687.9, 5875.4, 9593.0, 4405.4, 4471.4, 6303.5, 4625.4, 4614.0, 6594.5, 10695.2, 5706.4, 8659.9, 10644.7, 8061.9, 8342.3, 5285.8, 10129.4, 14517.5, 5258.0]","[61.5, 62.4, 55.0, 68.4, 67.0, 77.5, 68.3, 85.8, 51.9, 73.1, 92.3, 68.2, 63.6, 69.5, 66.0, 63.3, 96.0, 89.5, 64.5, 86.9, 65.1, 63.1, 67.0, 75.6, 67.0, 98.6, 74.2, 62.5, 60.6, 95.3, 85.6, 77.3, 70.2, 96.7, 63.3, 60.8, 73.4, 77.9, 77.1, 75.5, 83.8, 31.1, 112.5, 99.1, 96.4, 93.3, 87.9, 52.7, 73.2, 104.4, 71.1, 82.1, 82.3, 79.9, 74.2, 87.5, 80.4, 68.6, 61.5, 122.5, 97.5, 70.2, 114.8, 87.9, 88.3, 103.3, 56.1, 116.4, 123.8, 80.2]","[137.9, 85.0, 100.8, 57.6, 111.4, 122.9, 64.8, 78.5, 95.3, 51.7, 88.5, 112.2, 73.3, 100.5, 61.2, 105.0, 104.5, 55.2, 51.9, 90.8, 99.7, 56.7, 117.5, 113.0, 77.7, 52.2, 72.1, 60.1, 50.5, 61.3, 116.3, 50.6, 77.4, 79.1, 62.8, 117.5, 69.8, 83.0, 97.9, 65.1, 64.9, 95.2, 56.0, 103.3, 70.8, 74.6, 61.9, 81.9, 64.4, 56.8, 87.5, 105.8, 71.4, 120.1, 59.4, 51.1, 78.4, 67.5, 75.0, 53.8, 109.7, 81.2, 75.4, 121.1, 91.3, 80.7, 94.3, 87.1, 117.3, 65.5]","[True, True, True, False, True, False, True, True, True, False, True, True, True, True, False, True, False, True, False, True, True, False, True, True, True, True, True, False, False, True, False, False, True, True, False, True, True, True, True, True, True, False, True, False, True, True, True, True, True, True, True, False, True, False, True, True, True, True, True, True, False, True, False, False, True, True, True, False, False, True]"
20210914154601,5058.0,"[8674.8, 7703.7, 6293.2, 12252.7, 7831.2, 9169.6, 18293.4, 8877.3, 10813.2, 8120.4, 9870.4, 6257.3, 7611.1, 8277.8, 14621.0, 10210.1, 12451.5, 6110.8, 7553.4, 5542.2, 8318.6, 9571.7, 11558.6, 8120.1, 8366.4, 7776.2, 11175.0, 7584.3, 6742.1, 9351.2, 8071.5, 4570.9, 7118.9, 14111.7, 7863.7, 9059.9, 12707.9, 6330.5, 5713.3, 9573.1, 9855.1, 7656.7, 11158.8, 8414.1, 7977.3, 4472.1, 6229.4, 15891.1, 4415.3]","[71.8, 70.6, 76.7, 86.7, 63.9, 89.8, 116.4, 97.4, 88.9, 70.2, 85.2, 63.8, 73.4, 76.0, 106.4, 76.9, 96.1, 63.8, 81.4, 74.3, 111.7, 86.4, 98.9, 123.9, 122.4, 104.9, 87.7, 62.7, 117.4, 126.6, 78.5, 65.5, 99.3, 126.5, 77.7, 100.8, 146.7, 104.3, 86.0, 114.6, 95.2, 90.5, 110.6, 97.4, 97.6, 62.5, 108.4, 140.8, 77.7]","[120.8, 109.2, 82.1, 141.3, 122.5, 102.1, 157.1, 91.1, 121.6, 115.6, 115.8, 98.1, 103.7, 108.9, 137.4, 132.9, 129.6, 95.7, 92.8, 74.6, 74.5, 110.7, 116.9, 65.5, 68.3, 74.1, 127.4, 121.0, 57.4, 73.9, 102.8, 69.8, 71.7, 111.5, 101.2, 89.8, 86.6, 60.7, 66.4, 83.6, 103.6, 84.6, 100.9, 86.4, 81.7, 71.6, 57.4, 112.9, 56.8]","[True, True, True, False, True, True, False, True, True, True, True, True, True, True, False, True, False, True, True, False, True, True, True, True, True, True, True, True, True, True, True, False, True, False, True, True, False, True, False, True, True, True, True, True, True, False, True, False, False]"
20210915154854,5567.0,"[7115.5, 10747.5, 8948.9, 11738.1, 9326.4, 10747.1, 13252.7, 7312.5, 6967.2, 9944.6, 8059.8, 11274.4, 6081.5, 10931.6, 8085.7, 11352.4, 7129.7, 9422.6, 9102.2, 11852.9, 11808.9, 7277.1, 10776.7, 11246.9, 5923.2, 8723.3, 16032.9, 9217.9, 8220.7, 8338.8, 6497.0, 5665.2, 5919.5, 9460.7, 8140.4, 18535.9, 8029.1, 12017.1, 10154.9, 6693.8, 6389.9, 8890.5, 7981.8, 4696.5, 7129.2, 11539.6, 11091.5, 14440.6, 6000.4, 8821.8, 8460.0, 8343.0, 10031.7, 9832.4, 10561.7, 5641.6, 8762.1, 10320.2, 8151.9, 10313.9, 894.3, 8122.9, 13247.9]","[65.3, 86.9, 75.2, 104.0, 68.5, 74.5, 114.7, 80.4, 73.8, 78.8, 99.7, 108.5, 82.8, 85.0, 82.0, 83.3, 66.2, 78.1, 78.0, 118.2, 100.1, 67.8, 107.2, 88.9, 59.3, 83.4, 124.1, 82.3, 80.9, 101.5, 98.9, 68.0, 87.2, 72.1, 80.8, 107.7, 91.2, 102.8, 128.6, 72.9, 73.7, 109.9, 97.9, 80.8, 88.4, 134.9, 134.3, 97.0, 88.8, 112.9, 98.4, 117.3, 84.9, 104.6, 89.9, 72.3, 88.5, 82.1, 110.9, 89.6, 23.2, 81.8, 160.0]","[109.0, 123.7, 119.1, 112.9, 136.1, 144.3, 115.5, 90.9, 94.4, 126.2, 80.9, 103.9, 73.4, 128.6, 98.6, 136.4, 107.7, 120.7, 116.7, 100.3, 118.0, 107.4, 100.5, 126.5, 99.8, 104.6, 129.2, 112.1, 101.6, 82.2, 65.7, 83.3, 67.9, 131.3, 100.8, 172.1, 88.0, 116.9, 78.9, 91.9, 86.6, 80.9, 81.5, 58.1, 80.7, 85.6, 82.6, 148.8, 67.6, 78.2, 86.0, 71.2, 118.1, 94.0, 117.5, 78.1, 99.0, 125.6, 73.5, 115.1, 38.5, 99.4, 82.8]","[True, True, True, True, True, True, False, True, True, True, True, True, False, True, True, True, True, True, True, True, True, True, True, True, False, True, False, True, True, True, True, False, False, True, True, False, True, False, True, True, False, True, True, False, True, True, True, False, False, True, True, True, True, True, True, False, True, True, True, True, False, True, False]"
20210904155148,3292.0,"[4003.9, 6547.6, 4863.1, 4161.2, 6434.0, 5745.8, 4216.9, 6239.8, 4570.2, 4843.3, 7248.6, 5778.3, 5028.0, 7654.2, 6826.7, 5372.8, 5532.6, 6721.1, 7028.6, 4455.5, 5631.2, 6516.0, 7754.9, 6937.1, 4309.7, 4638.9, 3571.3, 3993.0, 7566.5, 6928.7, 6135.5, 4926.0, 8025.8, 7429.8, 4972.1, 4855.1, 3982.4, 13455.0, 2782.1, 6402.2, 5132.9, 6110.0, 4764.1, 4464.3, 5638.3, 5359.3, 4586.9, 3596.4, 6234.2, 3693.3, 2871.8, 7372.7, 5040.0, 3630.7, 4535.9, 3593.7, 3198.7, 3653.2, 3594.5, 6588.6, 5085.8, 4630.7, 4921.2, 4683.8, 6345.3, 5114.8, 4184.7, 6883.7, 7608.6, 6209.1, 8668.4, 5312.6, 4444.9, 3314.8, 5247.3, 5191.0, 4932.1, 4712.5, 5470.6, 9016.2, 4125.8, 10110.4, 4561.9, 3790.4, 5405.1, 5046.8, 5535.4, 5384.1, 5239.2, 6372.9, 5457.6, 6186.9, 3540.3]","[50.4, 54.3, 66.5, 55.1, 65.6, 67.2, 54.8, 54.0, 62.7, 63.6, 75.0, 51.6, 55.8, 63.5, 63.1, 73.0, 62.2, 78.2, 71.1, 55.4, 80.6, 61.7, 64.2, 66.3, 62.4, 61.3, 62.4, 48.3, 91.3, 109.3, 71.3, 72.3, 97.5, 71.5, 62.1, 64.8, 77.3, 93.4, 55.3, 77.1, 74.2, 69.5, 50.2, 88.8, 68.2, 98.8, 72.3, 68.8, 96.6, 58.3, 52.8, 56.7, 61.4, 60.8, 81.4, 65.4, 49.0, 68.8, 64.3, 81.0, 98.6, 54.0, 93.2, 80.1, 72.4, 71.7, 58.2, 78.8, 72.9, 75.0, 94.0, 92.0, 65.8, 69.1, 69.3, 101.6, 56.8, 80.4, 102.1, 106.1, 61.8, 92.0, 63.9, 67.4, 66.3, 66.9, 86.7, 75.2, 96.7, 94.2, 69.1, 80.4, 69.1]","[79.5, 120.5, 73.1, 75.5, 98.0, 85.5, 76.9, 115.6, 72.8, 76.1, 96.7, 111.9, 90.1, 120.5, 108.2, 73.6, 88.9, 85.9, 98.9, 80.4, 69.8, 105.5, 120.8, 104.7, 69.1, 75.6, 57.2, 82.6, 82.9, 63.4, 86.1, 68.2, 82.3, 103.9, 80.0, 75.0, 51.5, 144.1, 50.3, 83.0, 69.2, 87.9, 94.9, 50.3, 82.6, 54.3, 63.5, 52.3, 64.5, 63.3, 54.4, 130.0, 82.1, 59.7, 55.7, 55.0, 65.3, 53.1, 55.9, 81.4, 51.6, 85.8, 52.8, 58.5, 87.7, 71.3, 71.9, 87.3, 104.4, 82.8, 92.2, 57.8, 67.5, 48.0, 75.7, 51.1, 86.9, 58.6, 53.6, 85.0, 66.8, 109.9, 71.4, 56.3, 81.5, 75.4, 63.8, 71.6, 54.2, 67.7, 78.9, 77.0, 51.2]","[True, True, True, True, True, True, True, True, True, True, False, True, True, False, True, True, True, True, True, True, True, True, False, True, True, True, False, True, False, True, True, True, False, False, True, True, True, False, False, True, True, True, True, True, True, True, True, False, True, False, False, False, True, False, True, False, False, False, False, True, True, True, True, True, True, True, True, True, False, True, False, True, True, False, True, True, True, True, True, False, True, False, True, False, True, True, True, True, True, True, True, True, False]"
20210917125235,5967.0,"[11504.1, 14648.2, 9214.3, 10429.8, 13270.6, 9613.4, 14887.9, 6136.8, 9215.2, 11218.7, 9820.8, 15190.0, 8302.6, 11756.0, 8194.1, 8223.0, 6641.4, 7424.8, 9116.6, 12461.8, 10056.9, 10975.5, 6176.8, 10006.0, 11456.5, 8846.4, 9349.1, 11971.8, 8406.6, 12159.4, 6292.4, 9614.7, 7725.1, 19249.9, 7374.2, 12795.6, 10331.6, 13659.5, 9022.1, 9367.0]","[81.9, 86.6, 97.4, 73.3, 89.0, 91.4, 115.3, 97.8, 88.7, 111.2, 82.5, 153.3, 103.3, 112.3, 134.1, 82.6, 81.6, 87.4, 74.3, 150.2, 147.8, 99.1, 90.5, 130.9, 107.1, 115.5, 85.2, 103.5, 96.9, 102.1, 63.9, 88.6, 82.7, 167.6, 111.7, 126.3, 144.3, 115.7, 111.4, 111.4]","[140.4, 169.2, 94.6, 142.4, 149.2, 105.2, 129.1, 62.7, 103.9, 100.9, 119.0, 99.1, 80.4, 104.6, 61.1, 99.6, 81.4, 85.0, 122.6, 83.0, 68.0, 110.7, 68.2, 76.5, 107.0, 76.6, 109.8, 115.7, 86.8, 119.1, 98.4, 108.5, 93.4, 114.9, 66.0, 101.3, 71.6, 118.1, 81.0, 84.1]","[True, False, True, True, False, True, False, False, True, True, True, False, True, True, True, True, False, False, True, True, True, True, False, True, True, True, True, True, True, True, False, True, True, False, False, True, True, False, True, True]"
20210908154728,3882.0,"[7058.0, 7332.5, 12293.4, 6944.3, 6562.4, 6124.5, 4899.8, 9402.5, 3685.7, 7782.1, 6546.8, 9711.4, 7030.5, 9471.0, 10311.3, 5284.7, 9716.1, 6789.4, 6340.4, 4672.1, 5611.1, 10492.2, 9810.4, 6099.8, 7658.4, 2886.0, 5761.8, 4793.8, 4977.5, 4066.0, 5791.9, 6403.0, 4618.1, 4451.5, 4106.7, 8601.1, 5553.1, 11173.2, 5173.1, 4981.5, 5521.1, 5092.8, 4830.2, 5136.8, 6759.8, 9078.9, 8393.3, 6107.0, 8092.4, 4772.6, 5463.0, 6541.5, 7247.4, 10020.3, 5335.1, 9998.9, 7443.3, 4559.3, 5727.5, 4495.1, 12067.8, 6189.0, 7540.7, 12382.4, 10881.4, 5368.3, 7417.5, 8581.5, 6646.4, 15533.0, 3592.8, 7731.5, 6128.4, 3956.3]","[67.0, 93.4, 128.5, 74.0, 65.1, 73.1, 59.6, 82.0, 69.6, 91.4, 75.8, 111.3, 68.3, 130.3, 66.9, 85.1, 101.8, 80.5, 78.7, 63.0, 109.8, 105.9, 92.2, 76.9, 70.8, 55.1, 81.2, 83.8, 64.9, 62.8, 70.2, 67.0, 59.6, 78.9, 76.8, 87.4, 95.7, 78.1, 69.2, 94.5, 66.7, 66.1, 79.8, 77.6, 113.3, 122.9, 63.5, 93.1, 95.6, 82.4, 103.1, 68.9, 94.1, 75.5, 92.1, 106.1, 126.8, 53.4, 85.3, 40.9, 85.4, 65.8, 92.9, 136.3, 122.4, 88.1, 68.9, 87.5, 67.9, 121.4, 61.3, 88.7, 77.5, 63.4]","[105.3, 78.5, 95.6, 93.9, 100.9, 83.8, 82.2, 114.7, 52.9, 85.2, 86.4, 87.2, 102.9, 72.7, 154.1, 62.1, 95.5, 84.4, 80.6, 74.1, 51.1, 99.1, 106.5, 79.4, 108.2, 52.4, 70.9, 57.2, 76.6, 64.7, 82.5, 95.6, 77.4, 56.4, 53.5, 98.4, 58.0, 143.0, 74.8, 52.7, 82.7, 77.0, 60.5, 66.2, 59.7, 73.9, 132.2, 65.6, 84.6, 57.9, 53.0, 95.0, 77.0, 132.7, 57.9, 94.3, 58.7, 85.4, 67.1, 109.8, 141.3, 94.0, 81.2, 90.9, 88.9, 60.9, 107.6, 98.0, 97.9, 128.0, 58.6, 87.2, 79.0, 62.4]","[True, True, False, True, True, True, True, True, False, True, True, False, True, False, False, True, False, True, True, True, True, False, False, True, True, False, True, True, True, False, True, True, True, False, False, True, True, False, True, True, True, True, True, True, True, True, True, True, True, True, True, True, True, False, True, False, True, True, True, False, False, True, True, False, False, True, True, True, True, False, False, True, True, False]"
20210912154453,5159.0,"[7186.3, 7836.8, 10057.9, 7545.6, 6124.3, 9358.4, 7014.7, 5109.1, 8274.5, 16741.0, 7218.4, 9310.3, 5827.0, 10858.8, 7015.8, 10027.1, 9408.5, 6854.3, 6488.5, 4503.3, 8342.2, 5466.9, 9460.9, 11113.2, 4718.6, 15341.1, 9264.6, 4922.4, 5376.5, 12174.0, 7658.5, 12060.0, 6983.2, 5353.7, 9666.0, 6383.1, 17011.3, 11543.1, 23875.0, 11499.6, 17649.1, 8232.5, 4896.0, 9748.6, 10341.3, 9858.6, 4654.1, 4925.6, 12060.7, 8304.0, 8916.3, 9497.8, 6096.0, 8241.8, 4675.2, 10780.2]","[65.3, 68.6, 67.2, 83.7, 83.6, 80.9, 87.6, 57.2, 89.4, 108.1, 61.8, 73.1, 66.1, 67.2, 98.2, 88.7, 88.5, 59.4, 75.4, 42.7, 91.7, 61.9, 129.0, 96.7, 75.5, 123.8, 72.7, 63.0, 61.0, 110.0, 63.2, 108.7, 57.9, 79.5, 95.6, 96.1, 138.2, 178.4, 138.2, 114.9, 135.4, 125.4, 82.7, 73.2, 76.1, 95.0, 63.4, 83.1, 99.6, 66.8, 77.2, 98.7, 72.7, 97.4, 87.5, 129.2]","[110.1, 114.2, 149.6, 90.1, 73.2, 115.6, 80.1, 89.4, 92.6, 154.9, 116.9, 127.3, 88.2, 161.7, 71.5, 113.1, 106.3, 115.5, 86.0, 105.4, 91.0, 88.3, 73.4, 114.9, 62.5, 123.9, 127.5, 78.2, 88.2, 110.7, 121.3, 111.0, 120.6, 67.4, 101.1, 66.4, 123.1, 64.7, 172.7, 100.1, 130.3, 65.6, 59.2, 133.1, 135.9, 103.8, 73.4, 59.3, 121.1, 124.4, 115.5, 96.2, 83.8, 84.6, 53.5, 83.4]","[True, True, True, True, True, True, True, False, True, False, True, True, True, True, True, True, True, True, True, False, True, True, True, True, False, False, True, False, True, True, True, True, True, True, True, True, False, True, False, True, False, True, False, True, True, True, False, False, True, True, True, True, True, True, False, True]"
20210910154917,4303.0,"[6998.3, 6947.3, 8341.4, 7027.9, 6391.0, 5615.8, 6626.8, 4803.1, 6377.9, 5627.6, 7960.7, 5919.1, 6747.2, 7355.8, 6376.0, 5856.3, 6678.5, 6753.6, 11772.8, 5039.8, 7356.9, 5809.0, 7338.0, 8061.0, 10313.1, 6440.5, 5602.7, 9460.5, 5254.1, 5572.6, 4797.8, 5947.2, 7044.1, 8581.0, 7199.0, 12795.1, 6626.8, 4767.4, 5473.0, 9078.5, 5051.9, 6833.0, 3477.5, 5247.0, 5554.6, 8877.6, 4408.6, 9203.9, 9089.9, 9269.3, 9054.3, 12173.7, 9551.8, 8131.7, 6410.1, 8141.4, 9016.5, 9113.6, 6957.6, 8170.6, 2451.2, 5123.5, 7176.8, 5687.0, 11887.5]","[60.1, 62.3, 73.5, 65.2, 73.4, 75.7, 68.8, 59.6, 76.1, 90.3, 66.1, 59.3, 80.5, 71.7, 67.4, 64.4, 68.4, 56.7, 93.8, 59.0, 105.5, 58.6, 74.1, 64.8, 106.4, 80.6, 86.2, 87.0, 84.4, 81.5, 82.6, 85.3, 73.1, 75.4, 103.3, 113.7, 69.1, 69.4, 89.7, 105.4, 62.2, 106.3, 62.1, 56.0, 94.1, 82.6, 67.5, 68.4, 108.4, 114.0, 127.0, 87.5, 92.9, 86.4, 65.2, 74.3, 100.4, 126.7, 95.5, 90.6, 65.3, 63.9, 95.2, 95.2, 99.6]","[116.5, 111.5, 113.5, 107.8, 87.1, 74.2, 96.4, 80.6, 83.8, 62.3, 120.4, 99.8, 83.8, 102.6, 94.5, 90.9, 97.6, 119.2, 125.5, 85.3, 69.7, 99.2, 99.0, 124.5, 96.9, 79.9, 65.0, 108.7, 62.3, 68.4, 58.1, 69.7, 96.4, 113.9, 69.7, 112.5, 95.9, 68.7, 61.0, 86.1, 81.2, 64.3, 56.0, 93.7, 59.0, 107.4, 65.4, 134.5, 83.9, 81.3, 71.3, 139.2, 102.9, 94.1, 98.4, 109.6, 89.8, 71.9, 72.9, 90.2, 37.5, 80.2, 75.4, 59.7, 119.4]","[True, True, True, True, True, True, True, False, True, True, True, True, True, True, True, True, True, True, False, False, True, True, True, True, False, True, True, False, True, True, False, True, True, True, True, False, True, False, True, True, False, True, False, True, True, True, False, False, True, False, True, False, False, True, True, True, True, True, True, True, False, True, True, True, False]"
20210906154810,3649.0,"[4022.9, 5108.2, 4912.9, 6880.2, 9057.8, 6213.1, 5436.8, 5166.0, 3801.9, 4300.1, 4549.1, 5713.2, 5010.0, 3781.6, 8843.5, 4868.6, 5431.4, 4439.0, 5902.2, 5548.4, 6283.0, 3237.9, 7020.4, 6711.6, 5451.2, 3791.4, 5865.4, 5837.6, 2976.7, 4687.0, 4917.2, 6242.6, 4440.0, 4716.2, 4137.8, 5005.9, 6150.0, 6159.1, 6021.0, 5019.1, 5600.4, 5937.4, 7417.3, 5050.5, 6967.5, 6182.7, 7611.1, 14047.7, 6674.3, 8345.8, 11767.7, 7031.1, 4371.4, 11157.5, 10415.6, 5448.1, 5484.8, 3612.8, 4070.5, 11286.1, 6163.7, 9083.2, 7049.0, 6369.6, 6784.2, 7315.4, 7974.7, 7020.7, 5067.1, 7245.4, 5221.1, 6541.0, 4110.1, 10495.2, 7300.5, 5949.3, 5581.5, 7482.3, 5838.2, 6372.0, 5375.2, 5476.9, 6053.6, 11789.3, 8406.4, 8628.4, 5365.0, 9917.1, 7391.2, 9391.7, 5374.6]","[61.3, 68.7, 62.3, 85.3, 100.7, 84.0, 55.0, 78.1, 75.4, 70.1, 53.8, 82.8, 72.9, 63.1, 78.8, 51.8, 71.6, 75.8, 95.2, 73.8, 91.0, 58.4, 66.8, 61.5, 66.3, 64.1, 95.3, 79.8, 50.3, 79.2, 63.3, 79.1, 61.9, 58.5, 70.2, 82.5, 79.7, 86.2, 101.6, 70.5, 82.6, 69.7, 93.2, 78.6, 88.7, 99.3, 66.9, 104.5, 65.6, 79.0, 110.1, 99.2, 86.2, 80.9, 87.2, 77.3, 72.3, 58.8, 66.5, 93.1, 88.0, 77.0, 94.3, 56.4, 84.5, 125.9, 117.9, 112.2, 69.9, 90.6, 58.4, 121.3, 66.5, 127.5, 93.1, 74.1, 51.4, 87.5, 58.8, 84.2, 75.2, 82.1, 90.9, 83.5, 113.2, 114.7, 55.8, 93.3, 113.4, 93.5, 67.7]","[65.7, 74.3, 78.8, 80.6, 90.0, 74.0, 98.8, 66.1, 50.4, 61.3, 84.6, 69.0, 68.7, 59.9, 112.3, 93.9, 75.8, 58.6, 62.0, 75.2, 69.0, 55.5, 105.1, 109.0, 82.2, 59.2, 61.6, 73.1, 59.2, 59.2, 77.7, 79.0, 71.8, 80.6, 59.0, 60.7, 77.2, 71.4, 59.3, 71.2, 67.8, 85.2, 79.6, 64.3, 78.5, 62.3, 113.8, 134.5, 101.7, 105.7, 106.9, 70.9, 50.7, 138.0, 119.5, 70.5, 75.9, 61.5, 61.2, 121.3, 70.1, 117.9, 74.7, 112.9, 80.3, 58.1, 67.6, 62.6, 72.4, 79.9, 89.4, 53.9, 61.8, 82.3, 78.5, 80.2, 108.7, 85.5, 99.4, 75.7, 71.4, 66.7, 66.6, 141.3, 74.3, 75.2, 96.1, 106.3, 65.2, 100.5, 79.4]","[False, True, True, True, False, True, True, True, False, True, True, True, True, False, False, True, True, True, True, True, True, False, True, True, True, False, True, True, False, True, True, True, True, True, False, True, True, True, True, True, True, True, True, True, True, True, True, False, True, True, False, True, True, False, False, True, True, False, False, False, True, False, True, True, True, True, True, True, True, True, True, True, False, False, True, True, True, True, True, True, True, True, True, False, True, False, True, False, True, False, True]"
20210916154413,5276.0,"[10286.2, 9403.5, 10795.9, 11141.6, 7466.9, 8159.4, 5682.3, 3634.8, 8645.9, 7583.5, 8754.8, 8129.8, 6067.0, 16532.7, 7165.6, 7427.6, 9384.0, 9414.2, 7638.7, 7461.8, 9983.5, 6817.1, 9947.0, 8011.7, 8365.8, 8809.8, 9661.7, 13694.7, 7337.2, 10069.9, 9817.9, 11216.0, 8905.4, 5689.9, 3674.4, 14157.3, 11386.8, 5372.4, 5980.0, 10335.7, 9423.5, 3801.7, 8238.4, 8902.4, 7410.9, 12687.0, 13223.9, 5035.0, 7867.1, 12251.0, 9277.5, 6508.3, 11148.2, 5001.3, 9661.7, 7975.8, 7805.1]","[85.2, 94.5, 74.1, 85.4, 59.5, 72.5, 69.6, 64.1, 90.5, 83.0, 95.7, 70.4, 94.4, 101.9, 78.8, 82.8, 78.5, 100.6, 102.2, 67.7, 103.0, 65.8, 100.6, 83.8, 110.2, 96.3, 123.6, 97.7, 78.6, 85.8, 127.0, 104.9, 91.9, 78.8, 67.8, 87.0, 83.5, 71.4, 77.6, 100.4, 104.8, 65.8, 89.9, 98.9, 80.4, 100.5, 154.5, 84.8, 113.5, 180.5, 103.7, 73.8, 101.8, 80.6, 71.6, 67.8, 126.9]","[120.7, 99.6, 145.8, 130.4, 125.5, 112.5, 81.6, 56.7, 95.5, 91.4, 91.5, 115.4, 64.3, 162.2, 90.9, 89.7, 119.6, 93.6, 74.8, 110.2, 96.9, 103.6, 98.8, 95.6, 75.9, 91.5, 78.2, 140.2, 93.4, 117.4, 77.3, 107.0, 96.9, 72.2, 54.2, 162.8, 136.4, 75.2, 77.0, 102.9, 89.9, 57.7, 91.6, 90.0, 92.1, 126.2, 85.6, 59.4, 69.3, 67.9, 89.5, 88.2, 109.5, 62.1, 134.9, 117.6, 61.5]","[True, True, True, True, True, True, False, False, True, True, True, True, False, False, True, True, True, True, True, True, True, True, True, True, True, True, True, False, True, True, True, True, True, False, False, False, False, False, False, True, True, False, True, True, True, False, False, False, True, False, True, True, True, False, True, True, True]"
20210903154540,3016.0,"[5537.6, 5578.2, 4980.7, 5631.6, 5131.8, 6563.9, 3782.1, 5208.7, 4792.1, 5053.2, 5122.2, 4798.6, 4160.2, 4739.9, 6161.9, 5828.5, 5019.6, 5758.5, 6743.4, 4943.5, 3568.1, 5218.0, 4949.9, 3855.7, 5682.6, 5850.8, 5323.2, 4764.9, 6022.7, 5256.2, 3840.2, 4809.1, 6929.2, 4582.8, 4372.7, 7803.9, 3133.6, 5419.4, 6523.8, 4342.8, 2822.5, 5137.4, 4501.6, 3687.1, 2836.7, 6347.9, 3751.4, 5795.4, 6046.3, 5450.3, 3950.5, 4237.1, 3942.6, 4034.7, 11033.4, 8190.3, 3516.1, 5201.1, 5325.1, 4417.2, 3011.7, 4760.0, 1861.4, 5477.2, 8386.3, 5208.1, 4970.2, 4551.1, 4880.2, 4533.2, 5008.4, 7885.1, 3991.1, 4653.7, 8273.4, 12353.8, 7395.8, 3653.6, 4811.9, 3910.0, 3866.0, 4743.9, 5264.6, 5236.7, 4209.2, 5532.1, 6000.7, 7592.3, 4674.6, 4277.7, 5473.9, 3518.1]","[54.2, 59.0, 60.5, 67.3, 58.6, 64.6, 61.5, 64.8, 49.0, 67.6, 53.2, 70.6, 62.8, 80.8, 62.3, 75.8, 54.7, 77.6, 67.6, 63.2, 52.5, 76.2, 68.1, 56.4, 87.4, 70.1, 97.4, 73.6, 72.3, 56.8, 53.4, 85.6, 84.2, 72.8, 49.6, 88.5, 73.1, 90.6, 91.5, 54.4, 41.9, 55.4, 83.1, 62.6, 41.2, 50.5, 61.9, 84.0, 43.3, 54.3, 69.5, 62.1, 41.0, 75.5, 88.3, 121.8, 71.8, 74.3, 98.9, 81.7, 69.8, 63.2, 26.4, 103.4, 94.8, 109.4, 69.5, 72.8, 78.0, 72.1, 64.5, 88.8, 76.0, 54.7, 83.1, 123.7, 100.4, 75.3, 44.4, 77.5, 74.5, 86.2, 67.2, 76.6, 69.5, 79.0, 75.5, 76.6, 68.2, 81.7, 65.8, 41.6]","[102.2, 94.6, 82.4, 83.6, 87.5, 101.6, 61.5, 80.4, 97.8, 74.7, 96.3, 68.0, 66.2, 58.7, 98.8, 76.9, 91.7, 74.2, 99.7, 78.2, 67.9, 68.5, 72.7, 68.4, 65.0, 83.5, 54.7, 64.7, 83.3, 92.5, 72.0, 56.2, 82.3, 62.9, 88.2, 88.2, 42.8, 59.8, 71.3, 79.9, 67.4, 92.8, 54.2, 58.9, 68.9, 125.6, 60.6, 69.0, 139.6, 100.4, 56.9, 68.3, 96.1, 53.5, 124.9, 67.2, 49.0, 70.0, 53.9, 54.0, 43.1, 75.3, 70.5, 53.0, 88.5, 47.6, 71.5, 62.5, 62.6, 62.8, 77.7, 88.8, 52.5, 85.0, 99.5, 99.8, 73.7, 48.5, 108.3, 50.5, 51.9, 55.0, 78.3, 68.4, 60.6, 70.1, 79.5, 99.1, 68.5, 52.3, 83.2, 84.6]","[True, True, True, True, True, True, True, True, True, True, True, True, True, True, True, True, True, True, True, True, False, True, True, True, True, True, True, True, True, True, True, True, False, True, True, False, False, True, True, True, False, True, True, True, False, True, True, True, True, True, True, True, True, True, False, False, False, True, True, True, False, True, False, True, False, True, True, True, True, True, True, False, True, True, False, False, False, True, True, True, True, True, True, True, True, True, True, False, True, True, True, False]"
20210905154621,3137.0,"[3946.4, 4918.9, 4182.8, 4632.3, 5557.7, 6703.7, 5558.6, 5908.4, 5067.6, 4702.2, 5209.8, 7914.8, 4210.7, 4602.6, 4961.0, 3052.2, 3893.4, 5353.6, 5005.6, 3041.7, 6358.5, 4097.7, 7432.4, 4653.9, 5885.8, 6587.8, 3506.5, 4730.2, 6672.0, 3728.2, 3568.4, 7794.8, 6048.2, 4520.7, 6220.8, 8749.4, 6002.7, 4062.1, 4083.1, 3414.3, 9218.4, 3982.0, 5801.9, 5714.1, 6032.8, 6891.7, 5815.7, 3797.6, 6374.9, 4784.3, 4051.9, 4270.6, 5674.7, 5219.8, 4470.0, 6253.4, 4982.3, 4673.4, 6378.7, 3914.6, 3557.7, 2775.1, 7320.8, 6335.5, 4852.7, 4720.4, 2841.2, 4253.3, 3859.3, 4992.9, 4376.8, 4281.9, 6404.8, 9574.5, 4631.3, 3729.0, 7215.3, 6769.3, 4239.6, 5647.9, 4837.7, 5590.1, 3828.8, 6534.7, 8627.2, 3509.4]","[63.0, 60.4, 61.3, 52.6, 72.5, 78.7, 64.7, 96.6, 59.9, 62.4, 76.1, 62.4, 67.1, 64.9, 75.8, 58.0, 87.5, 65.8, 71.7, 52.9, 58.1, 81.3, 86.3, 74.5, 62.8, 86.1, 70.8, 53.6, 74.4, 72.0, 48.6, 86.4, 86.0, 57.4, 92.9, 91.3, 87.9, 70.7, 53.3, 81.0, 98.5, 69.8, 77.6, 74.8, 94.3, 113.3, 76.1, 63.8, 96.2, 80.8, 62.3, 69.9, 90.2, 77.0, 68.2, 61.3, 76.4, 80.6, 82.5, 78.4, 55.0, 50.1, 96.2, 72.2, 75.6, 79.6, 50.0, 72.2, 92.4, 72.8, 59.7, 76.8, 83.9, 116.2, 75.1, 64.6, 91.8, 94.6, 73.6, 81.4, 85.4, 79.5, 39.7, 83.2, 125.3, 57.9]","[62.7, 81.4, 68.3, 88.0, 76.7, 85.2, 85.9, 61.1, 84.6, 75.4, 68.5, 126.8, 62.8, 70.9, 65.4, 52.7, 44.5, 81.3, 69.8, 57.5, 109.4, 50.4, 86.1, 62.4, 93.8, 76.5, 49.6, 88.3, 89.7, 51.8, 73.5, 90.2, 70.3, 78.8, 67.0, 95.9, 68.3, 57.5, 76.7, 42.1, 93.6, 57.1, 74.8, 76.4, 64.0, 60.8, 76.4, 59.5, 66.3, 59.2, 65.1, 61.1, 62.9, 67.8, 65.5, 102.0, 65.2, 58.0, 77.3, 49.9, 64.7, 55.4, 76.1, 87.7, 64.2, 59.3, 56.8, 58.9, 41.8, 68.6, 73.3, 55.8, 76.3, 82.4, 61.7, 57.7, 78.6, 71.6, 57.6, 69.4, 56.6, 70.3, 96.4, 78.5, 68.9, 60.6]","[True, True, True, True, True, False, True, True, True, True, True, False, True, True, True, False, True, True, True, False, True, True, False, True, True, True, False, True, True, False, False, False, True, True, True, False, True, True, True, False, False, True, True, True, True, False, True, True, True, True, True, True, True, True, True, True, True, True, True, True, False, False, False, True, True, True, False, True, True, True, True, True, True, False, True, False, False, False, True, True, True, True, True, True, False, False]"
20210909155403,4207.0,"[4249.5, 10605.2, 6078.0, 6959.8, 9641.0, 6944.6, 7559.2, 3896.3, 7075.5, 8783.5, 4418.3, 8799.4, 5597.3, 5504.1, 6159.3, 8635.6, 9581.3, 4106.6, 6121.9, 6198.8, 5968.9, 7448.4, 6872.6, 6494.6, 6581.8, 9030.3, 7133.7, 6853.1, 5731.8, 6399.1, 8385.5, 8969.3, 8611.4, 5276.4, 4979.2, 7618.8, 4533.2, 5323.6, 7113.6, 9280.5, 5543.2, 8591.2, 5514.9, 4887.2, 8690.5, 4678.7, 4297.1, 11289.9, 12391.6, 5632.4, 5929.2, 8545.5, 14078.2]","[59.0, 78.1, 80.9, 77.3, 83.2, 64.9, 109.8, 60.6, 69.7, 103.9, 49.3, 89.1, 67.3, 65.3, 103.1, 87.0, 84.7, 39.3, 77.4, 80.5, 89.1, 76.8, 85.8, 110.7, 96.6, 90.7, 102.4, 113.5, 73.2, 86.2, 62.9, 102.6, 84.2, 59.6, 76.1, 73.1, 68.9, 84.4, 115.6, 93.0, 94.9, 128.4, 76.7, 63.6, 116.7, 54.6, 88.6, 130.4, 95.6, 99.6, 100.9, 81.7, 114.4]","[72.1, 135.8, 75.1, 90.0, 115.9, 107.1, 68.9, 64.3, 101.6, 84.5, 89.6, 98.7, 83.1, 84.2, 59.8, 99.3, 113.1, 104.5, 79.1, 77.0, 67.0, 97.0, 80.1, 58.7, 68.2, 99.6, 69.7, 60.4, 78.3, 74.2, 133.2, 87.4, 102.2, 88.5, 65.4, 104.3, 65.8, 63.1, 61.6, 99.8, 58.4, 66.9, 71.9, 76.8, 74.5, 85.6, 48.5, 86.6, 129.6, 56.6, 58.7, 104.6, 123.1]","[False, False, True, True, False, True, True, False, True, True, False, True, True, True, True, True, False, False, True, True, True, True, True, True, True, True, True, True, True, True, True, True, True, True, True, True, False, True, True, False, True, True, True, False, True, False, False, False, False, True, True, True, False]"
